{
    "rmse": 0.8031192316968838,
    "mae": 0.6551462834833472,
    "r2": 0.013014969845475344
}